program,budget_midpoint_USD_millions,budget_group_position,first_full_HC_group_position
Utah,20.0,1,1
Northwestern,23.0,2,
BYU,22.5,3,
Baylor,21.5,4,
Kansas State,20.5,5,4
North Carolina,22.5,6,
Minnesota,20.0,7,
SMU,22.0,8,
TCU,23.5,9,
Virginia,22.0,10,
Michigan State,23.0,11,
Louisville,23.5,12,
West Virginia,20.0,13,
Washington,23.0,14,
NC State,24.0,15,
Illinois,21.0,16,
Arkansas,23.5,17,
Maryland,23.0,18,
Arizona State,21.0,19,
Cal,22.0,20,5
Rutgers,21.5,21,
UCLA,28.0,,
Kentucky,24.5,,2
Ole Miss,42.0,,3
Stanford,18.0,,6
