source_id,title,url,notes,results_cutoff,snapshot_date
s1,2026 player budgets: RealGM reproduction of The Athletic,https://football.realgm.com/wiretap/54981/NIL-Roster-Budgets-Now-Predict-College-Footballs-Top-Teams,"Reported ranges available to assemble rosters; not audited payments. September 16, 2026. All peer ranges come from one underlying estimate, not independent school confirmations.",2026-10-03,2026-10-04
s2,Cal budget definition and corroborating reproduction,https://www.si.com/college/cal/football/cal-reportedly-ranks-in-the-middle-of-acc-teams-in-player-payment-allotment-01m2nkhg6t7m,Cal-specific reporting of The Athletic study. Original: https://www.nytimes.com/athletic/interactive/college-football-nil-spending-budgets/ (original not directly accessible).,2026-10-03,2026-10-04
s3,Open CFB: current 2026 ranking table,https://opencfb.aglemons.com/rankings/fbs/,"Primary publisher. October 4, through Week 5. Supplies cohort records, ranks and adjusted ratings. Independent computer model; not ESPN or an official NCAA ranking.",2026-10-03,2026-10-04
s4,Open CFB: published methodology,https://opencfb.aglemons.com/methodology/,"Current-season scores, opponent strength and game location; capped margins, a win bonus, recency weighting and regularization. No preseason team expectations. This is a results-and-margin rating, not Strength of Record or per-play efficiency.",2026-10-03,2026-10-04
s5,Cal: official October 3 recap,https://calbears.com/news/2026/10/3/football-bears-fail-to-finish-off-comeback-at-unlv,Primary source for Cal’s current record and UNLV result.,2026-10-03,2026-10-04
s6,UCLA: official 2026 schedule,https://uclabruins.com/sports/football/schedule/season/2026,Primary source for UCLA’s current record and Cal result.,2026-10-03,2026-10-04
s7,Kentucky: official October 3 postgame notes,https://ukathletics.com/news/2026/10/03/kentucky-south-carolina-postgame-notes-13/,Primary source for Kentucky’s current record; also checked against AP game reporting.,2026-10-03,2026-10-04
s8,Kansas State: official 2026 schedule,https://www.kstatesports.com/sports/football/schedule/2026,Primary source for Kansas State’s current record.,2026-10-03,2026-10-04
s9,Cal: AP report on three first-time appointments,https://wtop.com/ncaa-football/2026/03/cal-prepares-to-open-1st-spring-practice-under-new-coach-tosh-lupoi/,"Prior-role experience: Lupoi HC, Somerville OC and Hutchings DC each first time in that role; all have other coaching experience.",2026-10-03,2026-10-04
s10,UCLA: official head-coach biography,https://uclabruins.com/staff/bob-chesney,Prior head-coaching experience.,2026-10-03,2026-10-04
s11,UCLA: official coordinator announcement,https://uclabruins.com/news/2025/12/29/football-announces-coordinators-colin-hitschler-and-dean-kennedy,Kennedy and Hitschler previously held coordinator roles with Chesney at JMU. Co-coordinator and sole coordinator roles should not be conflated.,2026-10-03,2026-10-04
s12,Kentucky: official OC announcement,https://ukathletics.com/news/2025/12/15/joe-sloan-named-offensive-coordinator/,Joe Sloan’s prior coordinator experience.,2026-10-03,2026-10-04
s13,Kentucky: official DC announcement,https://ukathletics.com/news/2025/12/17/jay-bateman-named-kentucky-defensive-coordinator/,Jay Bateman’s prior coordinator experience.,2026-10-03,2026-10-04
s14,Kansas State: official HC biography,https://www.kstatesports.com/sports/football/roster/coaches/collin-klein/2779,Collin Klein’s career before his first head-coaching appointment.,2026-10-03,2026-10-04
s15,Kansas State: official OC announcement,https://www.kstatesports.com/news/2026/1/12/football-k-state-hires-sean-gleeson-as-offensive-coordinator,Sean Gleeson’s prior coordinator experience.,2026-10-03,2026-10-04
s16,Kansas State: official DC announcement,https://www.kstatesports.com/news/2025/12/21/football-jordan-peterson-hired-as-k-states-defensive-coordinator,Jordan Peterson’s coordinator and co-coordinator experience.,2026-10-03,2026-10-04
s17,UCLA compensation: Los Angeles Times,https://www.latimes.com/sports/ucla/story/2025-12-09/bob-chesney-offers-bold-vision-for-success-as-ucla-football-coach,Reported annual salary. Excludes contingent bonuses; not verified calendar-year cash expenditure.,2026-10-03,2026-10-04
s18,Kentucky compensation: signed Stein contract,https://legal.uky.edu/sites/default/files/2026-02/stein-fy2526.pdf,"Sections 6(a) and 6(b): $0.4M base plus $5.1M media/endorsements, annualized during the first contract period. Excludes bonuses.",2026-10-03,2026-10-04
s19,Kansas State compensation: Wichita Eagle contract reporting,https://www.kansas.com/sports/college/big-12/kansas-state/article313579915.html,"2026 scheduled salary, before bonuses and other benefits.",2026-10-03,2026-10-04
s20,Kentucky assistants: Herald-Leader records reporting,https://www.kentucky.com/sports/college/kentucky-sports/uk-football/article314664749.html,February 11 report: $6.195M for ten recruiting assistants; over $7.8M with additional assistants. Different staff scopes must remain separate.,2026-10-03,2026-10-04
s21,Cal compensation disclosure limitation: ACCSports,https://accsports.com/news/acc-football-coach-salaries-2026/,Its Cal salary figure is explicitly speculative; excluded from this table. No current verified contract amount established in this research.,2026-10-03,2026-10-04
s22,Roster-budget scope: SI methodology summary,https://www.si.com/fannation/college/cfb-hq/nil/new-chart-shows-most-expensive-teams-in-college-football,Independent commercial endorsements outside program control are excluded from the reported roster-budget measure.,2026-10-03,2026-10-04
s23,Kentucky: first head-coaching opener,https://ukathletics.com/news/2026/09/01/stein-excited-for-first-opener-as-head-coach/,Primary confirmation that Stein’s 2026 opener was his first game as a head coach.,2026-10-03,2026-10-04
s24,Utah: Morgan Scalley biography,https://utahutes.com/staff-directory/morgan-scalley/147,First full season as HC in 2026; first game was the December 2025 Las Vegas Bowl.,2026-10-03,2026-10-04
s25,Utah: Kevin McGiven OC hire,https://utahutes.com/news/2026/1/3/football-scalley-tabs-kevin-mcgiven-as-offensive-coordinator,17 previous seasons coordinating Division I offenses.,2026-10-03,2026-10-04
s26,Utah: Colton Swan DC promotion,https://utahutes.com/news/2026/1/2/football-colton-swan-promoted-to-defensive-coordinator,Previously Weber State co-DC in 2009–11; first Utah DC job is not first coordinator experience.,2026-10-03,2026-10-04
s27,Stanford: Tavita Pritchard HC hire,https://gostanford.com/news/2025/11/28/tavita-pritchard-named-bradford-m-freeman-director-of-football,Prior QB coach/OC; first head-coaching appointment.,2026-10-03,2026-10-04
s28,Stanford: Terry Heffernan OC hire,https://gostanford.com/news/2026/01/8/heffernan-hired-as-oc,Previously Wayne State Division II OC in 2012. First FBS OC appointment is not first-ever OC.,2026-10-03,2026-10-04
s29,Stanford: Kris Richard biography,https://gostanford.com/staff/kris-richard,Previously Seattle NFL DC and New Orleans co-DC.,2026-10-03,2026-10-04
s30,Ole Miss: Pete Golding HC hire,https://olemisssports.com/news/2025/11/30/pete-golding-named-ole-miss-head-football-coach-will-lead-rebels-into-playoff,"Named HC November 30, 2025, with immediate responsibility for the 2025-season CFP; 2026 is first full season.",2026-10-03,2026-10-04
s31,Ole Miss: John David Baker biography,https://olemisssports.com/staff-directory/john-david-baker/706,Previously East Carolina OC in 2024–25 and Ole Miss co-OC in 2022–23.,2026-10-03,2026-10-04
s32,Ole Miss: Bryan Brown biography,https://olemisssports.com/staff-directory/bryan-brown/1014,Current DC; previous Louisville/Cincinnati DC and Ole Miss co-DC.,2026-10-03,2026-10-04
s33,Completeness screen: all 17 new Power Four head coaches,https://www.si.com/college-football/first-year-coaches-report-card-grading-power-4-new-hires-after-four-weeks,Full 2026 new-to-school list screened for previous college HC jobs. Six enter their first full season as college HC; eleven held prior college HC appointments. Official biographies confirm the included six.,2026-10-03,2026-10-04
g1,G1: Cal official UCLA box score,https://calbears.com/sports/football/stats/2026/ucla/boxscore/38591,"Source for that game’s result, totals, penalties, third downs and cited scoring events. Derived averages use the displayed totals.",2026-10-03,2026-10-04
g2,G2: Cal official Syracuse box score,https://calbears.com/sports/football/stats/2026/syracuse/boxscore/38592,"Source for that game’s result, totals, penalties, third downs and cited scoring events. Derived averages use the displayed totals.",2026-10-03,2026-10-04
g3,G3: Cal official Wagner box score,https://calbears.com/sports/football/stats/2026/wagner/boxscore/38593,"Source for that game’s result, totals, penalties, third downs and cited scoring events. Derived averages use the displayed totals.",2026-10-03,2026-10-04
g4,G4: Cal official Clemson box score,https://calbears.com/sports/football/stats/2026/clemson/boxscore/38594,"Source for that game’s result, totals, penalties, third downs and cited scoring events. Derived averages use the displayed totals.",2026-10-03,2026-10-04
g5,G5: Cal official UNLV box score,https://calbears.com/sports/football/stats/2026/unlv/boxscore/38595,"Source for that game’s result, totals, penalties, third downs and cited scoring events. Derived averages use the displayed totals.",2026-10-03,2026-10-04
a1,A1: BCF Toys 2026 Offense Game Ratings,https://bcftoys.com/2026-ogr,"Primary publisher; opponent-adjusted scoring value per non-garbage possession. Cal UCLA, Syracuse and Clemson rows checked October 4. UNLV unavailable.",2026-10-03,2026-10-04
a2,A2: BCF Toys 2026 Defense Game Ratings,https://bcftoys.com/2026-dgr,Primary publisher; higher is better. Same three-game coverage. These ratings differ from full-game box-score averages.,2026-10-03,2026-10-04
a3,"A3: Pifer and Huml, The year-two effect (2020)",https://journals.sagepub.com/doi/10.3233/JSA-190362,Primary research. Coach-tenure variables were not significant predictors of annual changes in penalty yards/game. This is not a weekly evaluation of Cal or proof that coaching never influences penalties.,2026-10-03,2026-10-04
a4,A4: BCF Toys 2026 Special Teams Game Ratings,https://bcftoys.com/2026-sgr,"Primary publisher. SGR is opponent-adjusted scoring value per non-garbage possession; higher is better. Includes field goals, punts, kickoffs and point-after attempts, including opponent outcomes. Three Cal FBS rows verified October 4; UNLV unavailable.",2026-10-03,2026-10-04
