program,budget_low_USD_millions,budget_high_USD_millions,record_through_Oct3_2026,OpenCFB_FBS_rank,OpenCFB_rating,comparison_group,budget_source,performance_source
Utah,18,22,4–0,8,19.08,budget cohort; first full HC season,https://football.realgm.com/wiretap/54981/NIL-Roster-Budgets-Now-Predict-College-Footballs-Top-Teams,https://opencfb.aglemons.com/rankings/fbs/
Northwestern,21,25,3–1,12,17.6,budget cohort,https://football.realgm.com/wiretap/54981/NIL-Roster-Budgets-Now-Predict-College-Footballs-Top-Teams,https://opencfb.aglemons.com/rankings/fbs/
BYU,20,25,4–0,20,14.37,budget cohort,https://football.realgm.com/wiretap/54981/NIL-Roster-Budgets-Now-Predict-College-Footballs-Top-Teams,https://opencfb.aglemons.com/rankings/fbs/
Baylor,20,23,4–1,27,12.8,budget cohort,https://football.realgm.com/wiretap/54981/NIL-Roster-Budgets-Now-Predict-College-Footballs-Top-Teams,https://opencfb.aglemons.com/rankings/fbs/
Kansas State,19,22,3–1,49,8.05,budget cohort; first full HC season,https://football.realgm.com/wiretap/54981/NIL-Roster-Budgets-Now-Predict-College-Footballs-Top-Teams,https://opencfb.aglemons.com/rankings/fbs/
North Carolina,20,25,2–2,52,7.35,budget cohort,https://football.realgm.com/wiretap/54981/NIL-Roster-Budgets-Now-Predict-College-Footballs-Top-Teams,https://opencfb.aglemons.com/rankings/fbs/
Minnesota,18,22,4–1,53,7.06,budget cohort,https://football.realgm.com/wiretap/54981/NIL-Roster-Budgets-Now-Predict-College-Footballs-Top-Teams,https://opencfb.aglemons.com/rankings/fbs/
SMU,21,23,4–1,54,6.96,budget cohort,https://football.realgm.com/wiretap/54981/NIL-Roster-Budgets-Now-Predict-College-Footballs-Top-Teams,https://opencfb.aglemons.com/rankings/fbs/
TCU,22,25,2–3,55,6.95,budget cohort,https://football.realgm.com/wiretap/54981/NIL-Roster-Budgets-Now-Predict-College-Footballs-Top-Teams,https://opencfb.aglemons.com/rankings/fbs/
Virginia,20,24,3–2,56,6.94,budget cohort,https://football.realgm.com/wiretap/54981/NIL-Roster-Budgets-Now-Predict-College-Footballs-Top-Teams,https://opencfb.aglemons.com/rankings/fbs/
Michigan State,21,25,2–3,61,5.89,budget cohort,https://football.realgm.com/wiretap/54981/NIL-Roster-Budgets-Now-Predict-College-Footballs-Top-Teams,https://opencfb.aglemons.com/rankings/fbs/
Louisville,22,25,2–3,63,5.76,budget cohort,https://football.realgm.com/wiretap/54981/NIL-Roster-Budgets-Now-Predict-College-Footballs-Top-Teams,https://opencfb.aglemons.com/rankings/fbs/
West Virginia,18,22,3–2,67,4.9,budget cohort,https://football.realgm.com/wiretap/54981/NIL-Roster-Budgets-Now-Predict-College-Footballs-Top-Teams,https://opencfb.aglemons.com/rankings/fbs/
Washington,21,25,3–2,69,4.68,budget cohort,https://football.realgm.com/wiretap/54981/NIL-Roster-Budgets-Now-Predict-College-Footballs-Top-Teams,https://opencfb.aglemons.com/rankings/fbs/
NC State,22,26,3–2,74,4.01,budget cohort,https://football.realgm.com/wiretap/54981/NIL-Roster-Budgets-Now-Predict-College-Footballs-Top-Teams,https://opencfb.aglemons.com/rankings/fbs/
Illinois,19,23,2–3,76,3.92,budget cohort,https://football.realgm.com/wiretap/54981/NIL-Roster-Budgets-Now-Predict-College-Footballs-Top-Teams,https://opencfb.aglemons.com/rankings/fbs/
Arkansas,22,25,2–3,82,2.16,budget cohort,https://football.realgm.com/wiretap/54981/NIL-Roster-Budgets-Now-Predict-College-Footballs-Top-Teams,https://opencfb.aglemons.com/rankings/fbs/
Maryland,21,25,2–3,86,1.54,budget cohort,https://football.realgm.com/wiretap/54981/NIL-Roster-Budgets-Now-Predict-College-Footballs-Top-Teams,https://opencfb.aglemons.com/rankings/fbs/
Arizona State,19,23,2–2,96,0.33,budget cohort,https://football.realgm.com/wiretap/54981/NIL-Roster-Budgets-Now-Predict-College-Footballs-Top-Teams,https://opencfb.aglemons.com/rankings/fbs/
Cal,20,24,2–3,106,-1.18,budget cohort; first full HC season,https://football.realgm.com/wiretap/54981/NIL-Roster-Budgets-Now-Predict-College-Footballs-Top-Teams,https://opencfb.aglemons.com/rankings/fbs/
Rutgers,20,23,1–4,116,-2.95,budget cohort,https://football.realgm.com/wiretap/54981/NIL-Roster-Budgets-Now-Predict-College-Footballs-Top-Teams,https://opencfb.aglemons.com/rankings/fbs/
UCLA,26,30,4–0,14,16.24,outside budget cohort; experienced HC new to school,https://football.realgm.com/wiretap/54981/NIL-Roster-Budgets-Now-Predict-College-Footballs-Top-Teams,https://opencfb.aglemons.com/rankings/fbs/
Kentucky,23,26,4–1,23,13.88,outside budget cohort; first full HC season,https://football.realgm.com/wiretap/54981/NIL-Roster-Budgets-Now-Predict-College-Footballs-Top-Teams,https://opencfb.aglemons.com/rankings/fbs/
Ole Miss,39,45,3–1,46,8.36,outside budget cohort; first full HC season,https://football.realgm.com/wiretap/54981/NIL-Roster-Budgets-Now-Predict-College-Footballs-Top-Teams,https://opencfb.aglemons.com/rankings/fbs/
Stanford,16,20,2–3,121,-5.1,outside budget cohort; first full HC season,https://football.realgm.com/wiretap/54981/NIL-Roster-Budgets-Now-Predict-College-Footballs-Top-Teams,https://opencfb.aglemons.com/rankings/fbs/
